image_name,label,label_no,,no. of normal,no. of abnormal,total
2012_11_09.png,normal,0,,271,1196,1467
2012_11_10.png,normal,0,,,,
2012_11_11.png,abnormal,1,,,,
2012_11_12.png,abnormal,1,,,,
2012_11_13.png,abnormal,1,,,,
2012_11_14.png,normal,0,,,,
2012_11_15.png,normal,0,,,,
2012_11_16.png,normal,0,,,,
2012_11_17.png,normal,0,,,,
2012_11_18.png,normal,0,,,,
2012_11_19.png,normal,0,,,,
2012_11_20.png,normal,0,,,,
2012_11_21.png,normal,0,,,,
2012_11_22.png,normal,0,,,,
2012_11_23.png,normal,0,,,,
2012_11_24.png,normal,0,,,,
2012_11_25.png,normal,0,,,,
2012_11_26.png,abnormal,1,,,,
2012_11_27.png,abnormal,1,,,,
2012_11_28.png,abnormal,1,,,,
2012_11_29.png,abnormal,1,,,,
2012_11_30.png,abnormal,1,,,,
2012_12_01.png,abnormal,1,,,,
2012_12_02.png,abnormal,1,,,,
2012_12_03.png,abnormal,1,,,,
2012_12_04.png,normal,0,,,,
2012_12_05.png,normal,0,,,,
2012_12_06.png,normal,0,,,,
2012_12_07.png,normal,0,,,,
2012_12_08.png,abnormal,1,,,,
2012_12_09.png,abnormal,1,,,,
2012_12_10.png,abnormal,1,,,,
2012_12_11.png,abnormal,1,,,,
2012_12_12.png,normal,0,,,,
2012_12_13.png,normal,0,,,,
2012_12_14.png,normal,0,,,,
2012_12_15.png,normal,0,,,,
2012_12_16.png,normal,0,,,,
2012_12_17.png,normal,0,,,,
2012_12_18.png,normal,0,,,,
2012_12_19.png,normal,0,,,,
2012_12_20.png,normal,0,,,,
2012_12_21.png,normal,0,,,,
2012_12_22.png,normal,0,,,,
2012_12_23.png,abnormal,1,,,,
2012_12_24.png,abnormal,1,,,,
2012_12_25.png,abnormal,1,,,,
2012_12_26.png,abnormal,1,,,,
2012_12_27.png,abnormal,1,,,,
2012_12_28.png,abnormal,1,,,,
2012_12_29.png,normal,0,,,,
2012_12_30.png,normal,0,,,,
2012_12_31.png,normal,0,,,,
2013_01_01.png,normal,0,,,,
2013_01_02.png,normal,0,,,,
2013_01_03.png,normal,0,,,,
2013_01_04.png,normal,0,,,,
2013_01_05.png,abnormal,1,,,,
2013_01_06.png,abnormal,1,,,,
2013_01_07.png,abnormal,1,,,,
2013_01_08.png,abnormal,1,,,,
2013_01_09.png,normal,0,,,,
2013_01_10.png,normal,0,,,,
2013_01_11.png,normal,0,,,,
2013_01_12.png,normal,0,,,,
2013_01_13.png,normal,0,,,,
2013_01_14.png,normal,0,,,,
2013_01_15.png,normal,0,,,,
2013_01_16.png,normal,0,,,,
2013_01_17.png,normal,0,,,,
2013_01_18.png,abnormal,1,,,,
2013_01_19.png,abnormal,1,,,,
2013_01_20.png,abnormal,1,,,,
2013_01_21.png,abnormal,1,,,,
2013_01_22.png,abnormal,1,,,,
2013_01_23.png,abnormal,1,,,,
2013_01_24.png,normal,0,,,,
2013_01_25.png,normal,0,,,,
2013_01_26.png,normal,0,,,,
2013_01_27.png,normal,0,,,,
2013_01_28.png,abnormal,1,,,,
2013_01_29.png,normal,0,,,,
2013_01_30.png,normal,0,,,,
2013_01_31.png,normal,0,,,,
2013_02_01.png,normal,0,,,,
2013_02_02.png,normal,0,,,,
2013_02_03.png,normal,0,,,,
2013_02_04.png,normal,0,,,,
2013_02_05.png,normal,0,,,,
2013_02_06.png,normal,0,,,,
2013_02_07.png,normal,0,,,,
2013_02_08.png,normal,0,,,,
2013_02_09.png,normal,0,,,,
2013_02_10.png,abnormal,1,,,,
2013_02_11.png,abnormal,1,,,,
2013_02_12.png,abnormal,1,,,,
2013_02_13.png,abnormal,1,,,,
2013_02_14.png,abnormal,1,,,,
2013_02_15.png,abnormal,1,,,,
2013_02_16.png,abnormal,1,,,,
2013_02_17.png,normal,0,,,,
2013_02_18.png,normal,0,,,,
2013_02_19.png,normal,0,,,,
2013_02_20.png,abnormal,1,,,,
2013_02_21.png,abnormal,1,,,,
2013_02_22.png,abnormal,1,,,,
2013_02_23.png,normal,0,,,,
2013_02_24.png,normal,0,,,,
2013_02_25.png,normal,0,,,,
2013_02_26.png,normal,0,,,,
2013_02_27.png,abnormal,1,,,,
2013_02_28.png,abnormal,1,,,,
2013_03_01.png,abnormal,1,,,,
2013_03_02.png,abnormal,1,,,,
2013_03_03.png,abnormal,1,,,,
2013_03_04.png,abnormal,1,,,,
2013_03_05.png,abnormal,1,,,,
2013_03_06.png,abnormal,1,,,,
2013_03_07.png,abnormal,1,,,,
2013_03_08.png,abnormal,1,,,,
2013_03_09.png,abnormal,1,,,,
2013_03_10.png,abnormal,1,,,,
2013_03_11.png,abnormal,1,,,,
2013_03_12.png,abnormal,1,,,,
2013_03_13.png,abnormal,1,,,,
2013_03_14.png,abnormal,1,,,,
2013_03_15.png,abnormal,1,,,,
2013_03_16.png,abnormal,1,,,,
2013_03_17.png,abnormal,1,,,,
2013_03_18.png,abnormal,1,,,,
2013_03_19.png,abnormal,1,,,,
2013_03_20.png,abnormal,1,,,,
2013_03_21.png,abnormal,1,,,,
2013_03_22.png,abnormal,1,,,,
2013_03_23.png,normal,0,,,,
2013_03_24.png,abnormal,1,,,,
2013_03_25.png,abnormal,1,,,,
2013_03_26.png,abnormal,1,,,,
2013_03_27.png,abnormal,1,,,,
2013_03_28.png,abnormal,1,,,,
2013_03_29.png,abnormal,1,,,,
2013_03_30.png,abnormal,1,,,,
2013_03_31.png,abnormal,1,,,,
2013_04_01.png,abnormal,1,,,,
2013_04_02.png,abnormal,1,,,,
2013_04_03.png,abnormal,1,,,,
2013_04_04.png,abnormal,1,,,,
2013_04_05.png,abnormal,1,,,,
2013_04_06.png,abnormal,1,,,,
2013_04_07.png,abnormal,1,,,,
2013_04_08.png,abnormal,1,,,,
2013_04_09.png,abnormal,1,,,,
2013_04_10.png,abnormal,1,,,,
2013_04_11.png,abnormal,1,,,,
2013_04_12.png,abnormal,1,,,,
2013_04_13.png,abnormal,1,,,,
2013_04_14.png,abnormal,1,,,,
2013_04_15.png,abnormal,1,,,,
2013_04_16.png,abnormal,1,,,,
2013_04_17.png,abnormal,1,,,,
2013_04_18.png,abnormal,1,,,,
2013_04_19.png,abnormal,1,,,,
2013_04_20.png,abnormal,1,,,,
2013_04_21.png,abnormal,1,,,,
2013_04_22.png,abnormal,1,,,,
2013_04_23.png,abnormal,1,,,,
2013_04_24.png,abnormal,1,,,,
2013_04_25.png,abnormal,1,,,,
2013_04_26.png,abnormal,1,,,,
2013_04_27.png,abnormal,1,,,,
2013_04_28.png,abnormal,1,,,,
2013_04_29.png,abnormal,1,,,,
2013_04_30.png,abnormal,1,,,,
2013_05_01.png,abnormal,1,,,,
2013_05_02.png,abnormal,1,,,,
2013_05_03.png,abnormal,1,,,,
2013_05_04.png,abnormal,1,,,,
2013_05_05.png,abnormal,1,,,,
2013_05_06.png,abnormal,1,,,,
2013_05_07.png,abnormal,1,,,,
2013_05_08.png,abnormal,1,,,,
2013_05_09.png,abnormal,1,,,,
2013_05_10.png,abnormal,1,,,,
2013_05_11.png,abnormal,1,,,,
2013_05_12.png,abnormal,1,,,,
2013_05_13.png,normal,0,,,,
2013_05_14.png,abnormal,1,,,,
2013_05_15.png,abnormal,1,,,,
2013_05_16.png,abnormal,1,,,,
2013_05_17.png,abnormal,1,,,,
2013_05_18.png,abnormal,1,,,,
2013_05_19.png,abnormal,1,,,,
2013_05_20.png,abnormal,1,,,,
2013_05_21.png,abnormal,1,,,,
2013_05_22.png,abnormal,1,,,,
2013_05_23.png,abnormal,1,,,,
2013_05_24.png,normal,0,,,,
2013_05_25.png,normal,0,,,,
2013_05_26.png,abnormal,1,,,,
2013_05_27.png,abnormal,1,,,,
2013_05_28.png,abnormal,1,,,,
2013_05_29.png,abnormal,1,,,,
2013_05_30.png,abnormal,1,,,,
2013_05_31.png,abnormal,1,,,,
2013_06_01.png,abnormal,1,,,,
2013_06_02.png,abnormal,1,,,,
2013_06_03.png,abnormal,1,,,,
2013_06_04.png,abnormal,1,,,,
2013_06_05.png,abnormal,1,,,,
2013_06_06.png,abnormal,1,,,,
2013_06_07.png,normal,0,,,,
2013_06_08.png,normal,0,,,,
2013_06_09.png,normal,0,,,,
2013_06_10.png,normal,0,,,,
2013_06_11.png,abnormal,1,,,,
2013_06_12.png,abnormal,1,,,,
2013_06_13.png,abnormal,1,,,,
2013_06_14.png,abnormal,1,,,,
2013_06_15.png,abnormal,1,,,,
2013_06_16.png,abnormal,1,,,,
2013_06_17.png,abnormal,1,,,,
2013_06_18.png,abnormal,1,,,,
2013_06_19.png,abnormal,1,,,,
2013_06_20.png,abnormal,1,,,,
2013_06_21.png,abnormal,1,,,,
2013_06_22.png,abnormal,1,,,,
2013_06_23.png,abnormal,1,,,,
2013_06_24.png,abnormal,1,,,,
2013_06_25.png,abnormal,1,,,,
2013_06_26.png,abnormal,1,,,,
2013_06_27.png,abnormal,1,,,,
2013_06_28.png,normal,0,,,,
2013_06_29.png,normal,0,,,,
2013_06_30.png,normal,0,,,,
2013_07_01.png,normal,0,,,,
2013_07_02.png,normal,0,,,,
2013_07_03.png,abnormal,1,,,,
2013_07_04.png,abnormal,1,,,,
2013_07_05.png,abnormal,1,,,,
2013_07_06.png,abnormal,1,,,,
2013_07_07.png,abnormal,1,,,,
2013_07_08.png,abnormal,1,,,,
2013_07_09.png,abnormal,1,,,,
2013_07_10.png,abnormal,1,,,,
2013_07_11.png,abnormal,1,,,,
2013_07_12.png,abnormal,1,,,,
2013_07_13.png,abnormal,1,,,,
2013_07_14.png,abnormal,1,,,,
2013_07_15.png,abnormal,1,,,,
2013_07_16.png,abnormal,1,,,,
2013_07_17.png,abnormal,1,,,,
2013_07_18.png,abnormal,1,,,,
2013_07_19.png,normal,0,,,,
2013_07_20.png,normal,0,,,,
2013_07_21.png,normal,0,,,,
2013_07_22.png,normal,0,,,,
2013_07_23.png,abnormal,1,,,,
2013_07_24.png,abnormal,1,,,,
2013_07_25.png,abnormal,1,,,,
2013_07_26.png,abnormal,1,,,,
2013_07_27.png,abnormal,1,,,,
2013_07_28.png,abnormal,1,,,,
2013_07_29.png,abnormal,1,,,,
2013_07_30.png,abnormal,1,,,,
2013_07_31.png,abnormal,1,,,,
2013_08_01.png,abnormal,1,,,,
2013_08_02.png,abnormal,1,,,,
2013_08_03.png,abnormal,1,,,,
2013_08_04.png,normal,0,,,,
2013_08_05.png,normal,0,,,,
2013_08_06.png,normal,0,,,,
2013_08_07.png,normal,0,,,,
2013_08_08.png,abnormal,1,,,,
2013_08_09.png,abnormal,1,,,,
2013_08_10.png,abnormal,1,,,,
2013_08_11.png,abnormal,1,,,,
2013_08_12.png,abnormal,1,,,,
2013_08_13.png,abnormal,1,,,,
2013_08_14.png,abnormal,1,,,,
2013_08_15.png,abnormal,1,,,,
2013_08_16.png,abnormal,1,,,,
2013_08_17.png,abnormal,1,,,,
2013_08_18.png,abnormal,1,,,,
2013_08_19.png,normal,0,,,,
2013_08_20.png,abnormal,1,,,,
2013_08_21.png,abnormal,1,,,,
2013_08_22.png,abnormal,1,,,,
2013_08_23.png,abnormal,1,,,,
2013_08_24.png,abnormal,1,,,,
2013_08_25.png,abnormal,1,,,,
2013_08_26.png,abnormal,1,,,,
2013_08_27.png,abnormal,1,,,,
2013_08_28.png,abnormal,1,,,,
2013_08_29.png,abnormal,1,,,,
2013_08_30.png,abnormal,1,,,,
2013_08_31.png,normal,0,,,,
2013_09_01.png,normal,0,,,,
2013_09_02.png,abnormal,1,,,,
2013_09_03.png,abnormal,1,,,,
2013_09_04.png,abnormal,1,,,,
2013_09_05.png,abnormal,1,,,,
2013_09_06.png,abnormal,1,,,,
2013_09_07.png,abnormal,1,,,,
2013_09_08.png,abnormal,1,,,,
2013_09_09.png,abnormal,1,,,,
2013_09_10.png,abnormal,1,,,,
2013_09_11.png,abnormal,1,,,,
2013_09_12.png,abnormal,1,,,,
2013_09_13.png,abnormal,1,,,,
2013_09_14.png,abnormal,1,,,,
2013_09_15.png,abnormal,1,,,,
2013_09_16.png,abnormal,1,,,,
2013_09_17.png,abnormal,1,,,,
2013_09_18.png,abnormal,1,,,,
2013_09_19.png,abnormal,1,,,,
2013_09_20.png,abnormal,1,,,,
2013_09_21.png,abnormal,1,,,,
2013_09_22.png,abnormal,1,,,,
2013_09_23.png,abnormal,1,,,,
2013_09_24.png,abnormal,1,,,,
2013_09_25.png,abnormal,1,,,,
2013_09_26.png,abnormal,1,,,,
2013_09_27.png,abnormal,1,,,,
2013_09_28.png,abnormal,1,,,,
2013_09_29.png,abnormal,1,,,,
2013_09_30.png,abnormal,1,,,,
2013_10_01.png,abnormal,1,,,,
2013_10_02.png,abnormal,1,,,,
2013_10_03.png,abnormal,1,,,,
2013_10_04.png,abnormal,1,,,,
2013_10_05.png,normal,0,,,,
2013_10_06.png,normal,0,,,,
2013_10_07.png,normal,0,,,,
2013_10_08.png,normal,0,,,,
2013_10_09.png,normal,0,,,,
2013_10_10.png,normal,0,,,,
2013_10_11.png,normal,0,,,,
2013_10_12.png,normal,0,,,,
2013_10_13.png,normal,0,,,,
2013_10_14.png,normal,0,,,,
2013_10_15.png,normal,0,,,,
2013_10_16.png,normal,0,,,,
2013_10_17.png,normal,0,,,,
2013_10_18.png,abnormal,1,,,,
2013_10_19.png,normal,0,,,,
2013_10_20.png,normal,0,,,,
2013_10_21.png,normal,0,,,,
2013_10_22.png,abnormal,1,,,,
2013_10_23.png,abnormal,1,,,,
2013_10_24.png,abnormal,1,,,,
2013_10_25.png,abnormal,1,,,,
2013_10_26.png,abnormal,1,,,,
2013_10_27.png,abnormal,1,,,,
2013_10_28.png,abnormal,1,,,,
2013_10_29.png,abnormal,1,,,,
2013_10_30.png,abnormal,1,,,,
2013_10_31.png,abnormal,1,,,,
2013_11_01.png,abnormal,1,,,,
2013_11_02.png,abnormal,1,,,,
2013_11_03.png,normal,0,,,,
2013_11_04.png,abnormal,1,,,,
2013_11_05.png,abnormal,1,,,,
2013_11_06.png,abnormal,1,,,,
2013_11_07.png,abnormal,1,,,,
2013_11_08.png,abnormal,1,,,,
2013_11_09.png,abnormal,1,,,,
2013_11_10.png,abnormal,1,,,,
2013_11_11.png,abnormal,1,,,,
2013_11_12.png,abnormal,1,,,,
2013_11_13.png,abnormal,1,,,,
2013_11_14.png,abnormal,1,,,,
2013_11_15.png,abnormal,1,,,,
2013_11_16.png,abnormal,1,,,,
2013_11_17.png,abnormal,1,,,,
2013_11_18.png,abnormal,1,,,,
2013_11_19.png,abnormal,1,,,,
2013_11_20.png,normal,0,,,,
2013_11_21.png,normal,0,,,,
2013_11_22.png,normal,0,,,,
2013_11_23.png,abnormal,1,,,,
2013_11_24.png,normal,0,,,,
2013_11_25.png,normal,0,,,,
2013_11_26.png,abnormal,1,,,,
2013_11_27.png,abnormal,1,,,,
2013_11_28.png,abnormal,1,,,,
2013_11_29.png,abnormal,1,,,,
2013_11_30.png,abnormal,1,,,,
2013_12_01.png,abnormal,1,,,,
2013_12_02.png,abnormal,1,,,,
2013_12_03.png,abnormal,1,,,,
2013_12_04.png,abnormal,1,,,,
2013_12_05.png,abnormal,1,,,,
2013_12_06.png,abnormal,1,,,,
2013_12_07.png,normal,0,,,,
2013_12_08.png,abnormal,1,,,,
2013_12_09.png,abnormal,1,,,,
2013_12_10.png,abnormal,1,,,,
2013_12_11.png,abnormal,1,,,,
2013_12_12.png,abnormal,1,,,,
2013_12_13.png,abnormal,1,,,,
2013_12_14.png,abnormal,1,,,,
2013_12_15.png,abnormal,1,,,,
2013_12_16.png,abnormal,1,,,,
2013_12_17.png,abnormal,1,,,,
2013_12_18.png,abnormal,1,,,,
2013_12_19.png,abnormal,1,,,,
2013_12_20.png,abnormal,1,,,,
2013_12_21.png,abnormal,1,,,,
2013_12_22.png,abnormal,1,,,,
2013_12_23.png,normal,0,,,,
2013_12_24.png,abnormal,1,,,,
2013_12_25.png,abnormal,1,,,,
2013_12_26.png,abnormal,1,,,,
2013_12_27.png,abnormal,1,,,,
2013_12_28.png,abnormal,1,,,,
2013_12_29.png,abnormal,1,,,,
2013_12_30.png,abnormal,1,,,,
2013_12_31.png,abnormal,1,,,,
2014_01_01.png,normal,0,,,,
2014_01_02.png,abnormal,1,,,,
2014_01_03.png,abnormal,1,,,,
2014_01_04.png,abnormal,1,,,,
2014_01_05.png,abnormal,1,,,,
2014_01_06.png,abnormal,1,,,,
2014_01_07.png,abnormal,1,,,,
2014_01_08.png,abnormal,1,,,,
2014_01_09.png,abnormal,1,,,,
2014_01_10.png,abnormal,1,,,,
2014_01_11.png,abnormal,1,,,,
2014_01_12.png,abnormal,1,,,,
2014_01_13.png,abnormal,1,,,,
2014_01_14.png,abnormal,1,,,,
2014_01_15.png,abnormal,1,,,,
2014_01_16.png,abnormal,1,,,,
2014_01_17.png,abnormal,1,,,,
2014_01_18.png,abnormal,1,,,,
2014_01_19.png,abnormal,1,,,,
2014_01_20.png,abnormal,1,,,,
2014_01_21.png,abnormal,1,,,,
2014_01_22.png,abnormal,1,,,,
2014_01_23.png,normal,0,,,,
2014_01_24.png,normal,0,,,,
2014_01_25.png,abnormal,1,,,,
2014_01_26.png,abnormal,1,,,,
2014_01_27.png,abnormal,1,,,,
2014_01_28.png,abnormal,1,,,,
2014_01_29.png,normal,0,,,,
2014_01_30.png,normal,0,,,,
2014_01_31.png,abnormal,1,,,,
2014_02_01.png,abnormal,1,,,,
2014_02_02.png,abnormal,1,,,,
2014_02_03.png,abnormal,1,,,,
2014_02_04.png,abnormal,1,,,,
2014_02_05.png,normal,0,,,,
2014_02_06.png,abnormal,1,,,,
2014_02_07.png,abnormal,1,,,,
2014_02_08.png,abnormal,1,,,,
2014_02_09.png,abnormal,1,,,,
2014_02_10.png,abnormal,1,,,,
2014_02_11.png,abnormal,1,,,,
2014_02_12.png,abnormal,1,,,,
2014_02_13.png,abnormal,1,,,,
2014_02_14.png,abnormal,1,,,,
2014_02_15.png,abnormal,1,,,,
2014_02_16.png,abnormal,1,,,,
2014_02_17.png,abnormal,1,,,,
2014_02_18.png,abnormal,1,,,,
2014_02_19.png,abnormal,1,,,,
2014_02_20.png,abnormal,1,,,,
2014_02_21.png,abnormal,1,,,,
2014_02_22.png,abnormal,1,,,,
2014_02_23.png,abnormal,1,,,,
2014_02_24.png,abnormal,1,,,,
2014_02_25.png,abnormal,1,,,,
2014_02_26.png,abnormal,1,,,,
2014_02_27.png,abnormal,1,,,,
2014_02_28.png,abnormal,1,,,,
2014_03_01.png,abnormal,1,,,,
2014_03_02.png,abnormal,1,,,,
2014_03_03.png,abnormal,1,,,,
2014_03_04.png,abnormal,1,,,,
2014_03_05.png,abnormal,1,,,,
2014_03_06.png,abnormal,1,,,,
2014_03_07.png,abnormal,1,,,,
2014_03_08.png,abnormal,1,,,,
2014_03_09.png,abnormal,1,,,,
2014_03_10.png,abnormal,1,,,,
2014_03_11.png,abnormal,1,,,,
2014_03_12.png,abnormal,1,,,,
2014_03_13.png,abnormal,1,,,,
2014_03_14.png,abnormal,1,,,,
2014_03_15.png,abnormal,1,,,,
2014_03_16.png,abnormal,1,,,,
2014_03_17.png,abnormal,1,,,,
2014_03_18.png,abnormal,1,,,,
2014_03_19.png,abnormal,1,,,,
2014_03_20.png,abnormal,1,,,,
2014_03_21.png,abnormal,1,,,,
2014_03_22.png,abnormal,1,,,,
2014_03_23.png,abnormal,1,,,,
2014_03_24.png,abnormal,1,,,,
2014_03_25.png,abnormal,1,,,,
2014_03_26.png,abnormal,1,,,,
2014_03_27.png,abnormal,1,,,,
2014_03_28.png,abnormal,1,,,,
2014_03_29.png,abnormal,1,,,,
2014_03_30.png,abnormal,1,,,,
2014_03_31.png,abnormal,1,,,,
2014_04_01.png,abnormal,1,,,,
2014_04_02.png,abnormal,1,,,,
2014_04_03.png,abnormal,1,,,,
2014_04_04.png,abnormal,1,,,,
2014_04_05.png,abnormal,1,,,,
2014_04_06.png,abnormal,1,,,,
2014_04_07.png,abnormal,1,,,,
2014_04_08.png,abnormal,1,,,,
2014_04_09.png,abnormal,1,,,,
2014_04_10.png,abnormal,1,,,,
2014_04_11.png,abnormal,1,,,,
2014_04_12.png,abnormal,1,,,,
2014_04_13.png,abnormal,1,,,,
2014_04_14.png,abnormal,1,,,,
2014_04_15.png,abnormal,1,,,,
2014_04_16.png,abnormal,1,,,,
2014_04_17.png,abnormal,1,,,,
2014_04_18.png,abnormal,1,,,,
2014_04_19.png,abnormal,1,,,,
2014_04_20.png,abnormal,1,,,,
2014_04_21.png,abnormal,1,,,,
2014_04_22.png,abnormal,1,,,,
2014_04_23.png,abnormal,1,,,,
2014_04_24.png,abnormal,1,,,,
2014_04_25.png,abnormal,1,,,,
2014_04_26.png,abnormal,1,,,,
2014_04_27.png,abnormal,1,,,,
2014_04_28.png,abnormal,1,,,,
2014_04_29.png,abnormal,1,,,,
2014_04_30.png,abnormal,1,,,,
2014_05_01.png,abnormal,1,,,,
2014_05_02.png,abnormal,1,,,,
2014_05_03.png,abnormal,1,,,,
2014_05_04.png,abnormal,1,,,,
2014_05_05.png,abnormal,1,,,,
2014_05_06.png,abnormal,1,,,,
2014_05_07.png,abnormal,1,,,,
2014_05_08.png,abnormal,1,,,,
2014_05_09.png,abnormal,1,,,,
2014_05_10.png,abnormal,1,,,,
2014_05_11.png,abnormal,1,,,,
2014_05_12.png,abnormal,1,,,,
2014_05_13.png,abnormal,1,,,,
2014_05_14.png,abnormal,1,,,,
2014_05_15.png,abnormal,1,,,,
2014_05_16.png,abnormal,1,,,,
2014_05_17.png,abnormal,1,,,,
2014_05_18.png,abnormal,1,,,,
2014_05_19.png,abnormal,1,,,,
2014_05_20.png,abnormal,1,,,,
2014_05_21.png,abnormal,1,,,,
2014_05_22.png,abnormal,1,,,,
2014_05_23.png,abnormal,1,,,,
2014_05_24.png,abnormal,1,,,,
2014_05_25.png,abnormal,1,,,,
2014_05_26.png,abnormal,1,,,,
2014_05_27.png,abnormal,1,,,,
2014_05_28.png,abnormal,1,,,,
2014_05_29.png,abnormal,1,,,,
2014_05_30.png,abnormal,1,,,,
2014_05_31.png,abnormal,1,,,,
2014_06_01.png,abnormal,1,,,,
2014_06_02.png,abnormal,1,,,,
2014_06_03.png,abnormal,1,,,,
2014_06_04.png,abnormal,1,,,,
2014_06_05.png,normal,0,,,,
2014_06_06.png,normal,0,,,,
2014_06_07.png,abnormal,1,,,,
2014_06_08.png,abnormal,1,,,,
2014_06_09.png,abnormal,1,,,,
2014_06_10.png,abnormal,1,,,,
2014_06_11.png,abnormal,1,,,,
2014_06_12.png,abnormal,1,,,,
2014_06_13.png,abnormal,1,,,,
2014_06_14.png,abnormal,1,,,,
2014_06_15.png,abnormal,1,,,,
2014_06_16.png,abnormal,1,,,,
2014_06_17.png,abnormal,1,,,,
2014_06_18.png,abnormal,1,,,,
2014_06_19.png,abnormal,1,,,,
2014_06_20.png,abnormal,1,,,,
2014_06_21.png,abnormal,1,,,,
2014_06_22.png,abnormal,1,,,,
2014_06_23.png,abnormal,1,,,,
2014_06_24.png,abnormal,1,,,,
2014_06_25.png,abnormal,1,,,,
2014_06_26.png,abnormal,1,,,,
2014_06_27.png,abnormal,1,,,,
2014_06_28.png,abnormal,1,,,,
2014_06_29.png,abnormal,1,,,,
2014_06_30.png,abnormal,1,,,,
2014_07_01.png,abnormal,1,,,,
2014_07_02.png,abnormal,1,,,,
2014_07_03.png,abnormal,1,,,,
2014_07_04.png,abnormal,1,,,,
2014_07_05.png,abnormal,1,,,,
2014_07_06.png,abnormal,1,,,,
2014_07_07.png,abnormal,1,,,,
2014_07_08.png,abnormal,1,,,,
2014_07_09.png,abnormal,1,,,,
2014_07_10.png,abnormal,1,,,,
2014_07_11.png,abnormal,1,,,,
2014_07_12.png,normal,0,,,,
2014_07_13.png,abnormal,1,,,,
2014_07_14.png,abnormal,1,,,,
2014_07_15.png,abnormal,1,,,,
2014_07_16.png,abnormal,1,,,,
2014_07_17.png,abnormal,1,,,,
2014_07_18.png,normal,0,,,,
2014_07_19.png,normal,0,,,,
2014_07_20.png,abnormal,1,,,,
2014_07_21.png,abnormal,1,,,,
2014_07_22.png,abnormal,1,,,,
2014_07_23.png,abnormal,1,,,,
2014_07_24.png,abnormal,1,,,,
2014_07_25.png,abnormal,1,,,,
2014_07_26.png,abnormal,1,,,,
2014_07_27.png,abnormal,1,,,,
2014_07_28.png,abnormal,1,,,,
2014_07_29.png,abnormal,1,,,,
2014_07_30.png,abnormal,1,,,,
2014_07_31.png,abnormal,1,,,,
2014_08_01.png,abnormal,1,,,,
2014_08_02.png,abnormal,1,,,,
2014_08_03.png,normal,0,,,,
2014_08_04.png,abnormal,1,,,,
2014_08_05.png,abnormal,1,,,,
2014_08_06.png,abnormal,1,,,,
2014_08_07.png,abnormal,1,,,,
2014_08_08.png,abnormal,1,,,,
2014_08_09.png,abnormal,1,,,,
2014_08_10.png,abnormal,1,,,,
2014_08_11.png,abnormal,1,,,,
2014_08_12.png,abnormal,1,,,,
2014_08_13.png,abnormal,1,,,,
2014_08_14.png,abnormal,1,,,,
2014_08_15.png,abnormal,1,,,,
2014_08_16.png,abnormal,1,,,,
2014_08_17.png,abnormal,1,,,,
2014_08_18.png,abnormal,1,,,,
2014_08_19.png,abnormal,1,,,,
2014_08_20.png,abnormal,1,,,,
2014_08_21.png,abnormal,1,,,,
2014_08_22.png,abnormal,1,,,,
2014_08_23.png,abnormal,1,,,,
2014_08_24.png,abnormal,1,,,,
2014_08_25.png,normal,0,,,,
2014_08_26.png,abnormal,1,,,,
2014_08_27.png,normal,0,,,,
2014_08_28.png,normal,0,,,,
2014_08_29.png,abnormal,1,,,,
2014_08_30.png,abnormal,1,,,,
2014_08_31.png,abnormal,1,,,,
2014_09_01.png,abnormal,1,,,,
2014_09_02.png,abnormal,1,,,,
2014_09_03.png,abnormal,1,,,,
2014_09_04.png,abnormal,1,,,,
2014_09_05.png,abnormal,1,,,,
2014_09_06.png,abnormal,1,,,,
2014_09_07.png,abnormal,1,,,,
2014_09_08.png,abnormal,1,,,,
2014_09_09.png,abnormal,1,,,,
2014_09_10.png,abnormal,1,,,,
2014_09_11.png,abnormal,1,,,,
2014_09_12.png,normal,0,,,,
2014_09_13.png,normal,0,,,,
2014_09_14.png,normal,0,,,,
2014_09_15.png,abnormal,1,,,,
2014_09_16.png,abnormal,1,,,,
2014_09_17.png,abnormal,1,,,,
2014_09_18.png,abnormal,1,,,,
2014_09_19.png,abnormal,1,,,,
2014_09_20.png,abnormal,1,,,,
2014_09_21.png,abnormal,1,,,,
2014_09_22.png,abnormal,1,,,,
2014_09_23.png,abnormal,1,,,,
2014_09_24.png,normal,0,,,,
2014_09_25.png,abnormal,1,,,,
2014_09_26.png,abnormal,1,,,,
2014_09_27.png,abnormal,1,,,,
2014_09_28.png,normal,0,,,,
2014_09_29.png,normal,0,,,,
2014_09_30.png,normal,0,,,,
2014_10_01.png,normal,0,,,,
2014_10_02.png,normal,0,,,,
2014_10_03.png,normal,0,,,,
2014_10_04.png,normal,0,,,,
2014_10_05.png,normal,0,,,,
2014_10_06.png,normal,0,,,,
2014_10_07.png,abnormal,1,,,,
2014_10_08.png,abnormal,1,,,,
2014_10_09.png,abnormal,1,,,,
2014_10_10.png,abnormal,1,,,,
2014_10_11.png,abnormal,1,,,,
2014_10_12.png,abnormal,1,,,,
2014_10_13.png,abnormal,1,,,,
2014_10_14.png,abnormal,1,,,,
2014_10_15.png,abnormal,1,,,,
2014_10_16.png,abnormal,1,,,,
2014_10_17.png,abnormal,1,,,,
2014_10_18.png,normal,0,,,,
2014_10_19.png,abnormal,1,,,,
2014_10_20.png,abnormal,1,,,,
2014_10_21.png,abnormal,1,,,,
2014_10_22.png,abnormal,1,,,,
2014_10_23.png,abnormal,1,,,,
2014_10_24.png,normal,0,,,,
2014_10_25.png,normal,0,,,,
2014_10_26.png,normal,0,,,,
2014_10_27.png,abnormal,1,,,,
2014_10_28.png,abnormal,1,,,,
2014_10_29.png,abnormal,1,,,,
2014_10_30.png,abnormal,1,,,,
2014_10_31.png,abnormal,1,,,,
2014_11_01.png,abnormal,1,,,,
2014_11_02.png,abnormal,1,,,,
2014_11_03.png,abnormal,1,,,,
2014_11_04.png,abnormal,1,,,,
2014_11_05.png,abnormal,1,,,,
2014_11_06.png,abnormal,1,,,,
2014_11_07.png,normal,0,,,,
2014_11_08.png,normal,0,,,,
2014_11_09.png,abnormal,1,,,,
2014_11_10.png,normal,0,,,,
2014_11_11.png,normal,0,,,,
2014_11_12.png,normal,0,,,,
2014_11_13.png,normal,0,,,,
2014_11_14.png,normal,0,,,,
2014_11_15.png,normal,0,,,,
2014_11_16.png,normal,0,,,,
2014_11_17.png,normal,0,,,,
2014_11_18.png,normal,0,,,,
2014_11_19.png,abnormal,1,,,,
2014_11_20.png,abnormal,1,,,,
2014_11_21.png,abnormal,1,,,,
2014_11_22.png,abnormal,1,,,,
2014_11_23.png,abnormal,1,,,,
2014_11_24.png,abnormal,1,,,,
2014_11_25.png,abnormal,1,,,,
2014_11_26.png,abnormal,1,,,,
2014_11_27.png,normal,0,,,,
2014_11_28.png,normal,0,,,,
2014_11_29.png,abnormal,1,,,,
2014_11_30.png,abnormal,1,,,,
2014_12_01.png,abnormal,1,,,,
2014_12_02.png,abnormal,1,,,,
2014_12_03.png,abnormal,1,,,,
2014_12_04.png,abnormal,1,,,,
2014_12_05.png,abnormal,1,,,,
2014_12_06.png,normal,0,,,,
2014_12_07.png,normal,0,,,,
2014_12_08.png,normal,0,,,,
2014_12_09.png,abnormal,1,,,,
2014_12_10.png,abnormal,1,,,,
2014_12_11.png,abnormal,1,,,,
2014_12_12.png,abnormal,1,,,,
2014_12_13.png,abnormal,1,,,,
2014_12_14.png,normal,0,,,,
2014_12_15.png,normal,0,,,,
2014_12_16.png,normal,0,,,,
2014_12_17.png,normal,0,,,,
2014_12_18.png,normal,0,,,,
2014_12_19.png,normal,0,,,,
2014_12_20.png,normal,0,,,,
2014_12_21.png,normal,0,,,,
2014_12_22.png,normal,0,,,,
2014_12_23.png,abnormal,1,,,,
2014_12_24.png,abnormal,1,,,,
2014_12_25.png,abnormal,1,,,,
2014_12_26.png,abnormal,1,,,,
2014_12_27.png,normal,0,,,,
2014_12_28.png,normal,0,,,,
2014_12_29.png,normal,0,,,,
2014_12_30.png,normal,0,,,,
2014_12_31.png,abnormal,1,,,,
2015_01_01.png,abnormal,1,,,,
2015_01_02.png,abnormal,1,,,,
2015_01_03.png,abnormal,1,,,,
2015_01_04.png,normal,0,,,,
2015_01_05.png,normal,0,,,,
2015_01_06.png,normal,0,,,,
2015_01_07.png,normal,0,,,,
2015_01_08.png,abnormal,1,,,,
2015_01_09.png,abnormal,1,,,,
2015_01_10.png,abnormal,1,,,,
2015_01_11.png,abnormal,1,,,,
2015_01_12.png,abnormal,1,,,,
2015_01_13.png,abnormal,1,,,,
2015_01_14.png,abnormal,1,,,,
2015_01_15.png,abnormal,1,,,,
2015_01_16.png,abnormal,1,,,,
2015_01_17.png,abnormal,1,,,,
2015_01_18.png,abnormal,1,,,,
2015_01_19.png,abnormal,1,,,,
2015_01_20.png,abnormal,1,,,,
2015_01_21.png,abnormal,1,,,,
2015_01_22.png,abnormal,1,,,,
2015_01_23.png,abnormal,1,,,,
2015_01_24.png,abnormal,1,,,,
2015_01_25.png,abnormal,1,,,,
2015_01_26.png,normal,0,,,,
2015_01_27.png,normal,0,,,,
2015_01_28.png,abnormal,1,,,,
2015_01_29.png,normal,0,,,,
2015_01_30.png,normal,0,,,,
2015_01_31.png,normal,0,,,,
2015_02_01.png,abnormal,1,,,,
2015_02_02.png,normal,0,,,,
2015_02_03.png,normal,0,,,,
2015_02_04.png,normal,0,,,,
2015_02_05.png,normal,0,,,,
2015_02_06.png,abnormal,1,,,,
2015_02_07.png,abnormal,1,,,,
2015_02_08.png,abnormal,1,,,,
2015_02_09.png,abnormal,1,,,,
2015_02_10.png,abnormal,1,,,,
2015_02_11.png,abnormal,1,,,,
2015_02_12.png,abnormal,1,,,,
2015_02_13.png,abnormal,1,,,,
2015_02_14.png,abnormal,1,,,,
2015_02_15.png,abnormal,1,,,,
2015_02_16.png,normal,0,,,,
2015_02_17.png,abnormal,1,,,,
2015_02_18.png,abnormal,1,,,,
2015_02_19.png,abnormal,1,,,,
2015_02_20.png,abnormal,1,,,,
2015_02_21.png,abnormal,1,,,,
2015_02_22.png,abnormal,1,,,,
2015_02_23.png,abnormal,1,,,,
2015_02_24.png,abnormal,1,,,,
2015_02_25.png,abnormal,1,,,,
2015_02_26.png,abnormal,1,,,,
2015_02_27.png,abnormal,1,,,,
2015_02_28.png,abnormal,1,,,,
2015_03_01.png,abnormal,1,,,,
2015_03_02.png,abnormal,1,,,,
2015_03_03.png,abnormal,1,,,,
2015_03_04.png,abnormal,1,,,,
2015_03_05.png,abnormal,1,,,,
2015_03_06.png,abnormal,1,,,,
2015_03_07.png,abnormal,1,,,,
2015_03_08.png,abnormal,1,,,,
2015_03_09.png,normal,0,,,,
2015_03_10.png,abnormal,1,,,,
2015_03_11.png,abnormal,1,,,,
2015_03_12.png,abnormal,1,,,,
2015_03_13.png,abnormal,1,,,,
2015_03_14.png,abnormal,1,,,,
2015_03_15.png,abnormal,1,,,,
2015_03_16.png,abnormal,1,,,,
2015_03_17.png,abnormal,1,,,,
2015_03_18.png,normal,0,,,,
2015_03_19.png,abnormal,1,,,,
2015_03_20.png,abnormal,1,,,,
2015_03_21.png,abnormal,1,,,,
2015_03_22.png,abnormal,1,,,,
2015_03_23.png,abnormal,1,,,,
2015_03_24.png,abnormal,1,,,,
2015_03_25.png,abnormal,1,,,,
2015_03_26.png,abnormal,1,,,,
2015_03_27.png,normal,0,,,,
2015_03_28.png,abnormal,1,,,,
2015_03_29.png,abnormal,1,,,,
2015_03_30.png,abnormal,1,,,,
2015_03_31.png,abnormal,1,,,,
2015_04_01.png,abnormal,1,,,,
2015_04_02.png,abnormal,1,,,,
2015_04_03.png,abnormal,1,,,,
2015_04_04.png,abnormal,1,,,,
2015_04_05.png,abnormal,1,,,,
2015_04_06.png,abnormal,1,,,,
2015_04_07.png,abnormal,1,,,,
2015_04_08.png,abnormal,1,,,,
2015_04_09.png,abnormal,1,,,,
2015_04_10.png,abnormal,1,,,,
2015_04_11.png,abnormal,1,,,,
2015_04_12.png,abnormal,1,,,,
2015_04_13.png,abnormal,1,,,,
2015_04_14.png,abnormal,1,,,,
2015_04_15.png,abnormal,1,,,,
2015_04_16.png,abnormal,1,,,,
2015_04_17.png,abnormal,1,,,,
2015_04_18.png,abnormal,1,,,,
2015_04_19.png,abnormal,1,,,,
2015_04_20.png,abnormal,1,,,,
2015_04_21.png,abnormal,1,,,,
2015_04_22.png,normal,0,,,,
2015_04_23.png,normal,0,,,,
2015_04_24.png,abnormal,1,,,,
2015_04_25.png,abnormal,1,,,,
2015_04_26.png,abnormal,1,,,,
2015_04_27.png,abnormal,1,,,,
2015_04_28.png,abnormal,1,,,,
2015_04_29.png,abnormal,1,,,,
2015_04_30.png,abnormal,1,,,,
2015_05_01.png,abnormal,1,,,,
2015_05_02.png,abnormal,1,,,,
2015_05_03.png,abnormal,1,,,,
2015_05_04.png,abnormal,1,,,,
2015_05_05.png,abnormal,1,,,,
2015_05_06.png,abnormal,1,,,,
2015_05_07.png,abnormal,1,,,,
2015_05_08.png,abnormal,1,,,,
2015_05_09.png,abnormal,1,,,,
2015_05_10.png,abnormal,1,,,,
2015_05_11.png,abnormal,1,,,,
2015_05_12.png,abnormal,1,,,,
2015_05_13.png,abnormal,1,,,,
2015_05_14.png,abnormal,1,,,,
2015_05_15.png,abnormal,1,,,,
2015_05_16.png,abnormal,1,,,,
2015_05_17.png,abnormal,1,,,,
2015_05_18.png,abnormal,1,,,,
2015_05_19.png,abnormal,1,,,,
2015_05_20.png,abnormal,1,,,,
2015_05_21.png,abnormal,1,,,,
2015_05_22.png,abnormal,1,,,,
2015_05_23.png,abnormal,1,,,,
2015_05_24.png,abnormal,1,,,,
2015_05_25.png,abnormal,1,,,,
2015_05_26.png,abnormal,1,,,,
2015_05_27.png,abnormal,1,,,,
2015_05_28.png,abnormal,1,,,,
2015_05_29.png,abnormal,1,,,,
2015_05_30.png,abnormal,1,,,,
2015_05_31.png,abnormal,1,,,,
2015_06_01.png,abnormal,1,,,,
2015_06_02.png,abnormal,1,,,,
2015_06_03.png,abnormal,1,,,,
2015_06_04.png,abnormal,1,,,,
2015_06_05.png,abnormal,1,,,,
2015_06_06.png,abnormal,1,,,,
2015_06_07.png,abnormal,1,,,,
2015_06_08.png,abnormal,1,,,,
2015_06_09.png,abnormal,1,,,,
2015_06_10.png,abnormal,1,,,,
2015_06_11.png,abnormal,1,,,,
2015_06_12.png,abnormal,1,,,,
2015_06_13.png,abnormal,1,,,,
2015_06_14.png,abnormal,1,,,,
2015_06_15.png,abnormal,1,,,,
2015_06_16.png,abnormal,1,,,,
2015_06_17.png,abnormal,1,,,,
2015_06_18.png,abnormal,1,,,,
2015_06_19.png,abnormal,1,,,,
2015_06_20.png,abnormal,1,,,,
2015_06_21.png,abnormal,1,,,,
2015_06_22.png,abnormal,1,,,,
2015_06_23.png,abnormal,1,,,,
2015_06_24.png,abnormal,1,,,,
2015_06_25.png,abnormal,1,,,,
2015_06_26.png,abnormal,1,,,,
2015_06_27.png,abnormal,1,,,,
2015_06_28.png,abnormal,1,,,,
2015_06_29.png,abnormal,1,,,,
2015_06_30.png,abnormal,1,,,,
2015_07_01.png,abnormal,1,,,,
2015_07_02.png,abnormal,1,,,,
2015_07_03.png,abnormal,1,,,,
2015_07_04.png,abnormal,1,,,,
2015_07_05.png,abnormal,1,,,,
2015_07_06.png,abnormal,1,,,,
2015_07_07.png,abnormal,1,,,,
2015_07_08.png,abnormal,1,,,,
2015_07_09.png,abnormal,1,,,,
2015_07_10.png,abnormal,1,,,,
2015_07_11.png,abnormal,1,,,,
2015_07_12.png,abnormal,1,,,,
2015_07_13.png,abnormal,1,,,,
2015_07_14.png,abnormal,1,,,,
2015_07_15.png,abnormal,1,,,,
2015_07_16.png,abnormal,1,,,,
2015_07_17.png,abnormal,1,,,,
2015_07_18.png,abnormal,1,,,,
2015_07_19.png,abnormal,1,,,,
2015_07_20.png,abnormal,1,,,,
2015_07_21.png,abnormal,1,,,,
2015_07_22.png,abnormal,1,,,,
2015_07_23.png,abnormal,1,,,,
2015_07_24.png,normal,0,,,,
2015_07_25.png,normal,0,,,,
2015_07_26.png,normal,0,,,,
2015_07_27.png,normal,0,,,,
2015_07_28.png,abnormal,1,,,,
2015_07_29.png,abnormal,1,,,,
2015_07_30.png,abnormal,1,,,,
2015_07_31.png,abnormal,1,,,,
2015_08_01.png,abnormal,1,,,,
2015_08_02.png,abnormal,1,,,,
2015_08_03.png,abnormal,1,,,,
2015_08_04.png,abnormal,1,,,,
2015_08_05.png,abnormal,1,,,,
2015_08_06.png,abnormal,1,,,,
2015_08_07.png,abnormal,1,,,,
2015_08_08.png,abnormal,1,,,,
2015_08_09.png,abnormal,1,,,,
2015_08_10.png,abnormal,1,,,,
2015_08_11.png,abnormal,1,,,,
2015_08_12.png,abnormal,1,,,,
2015_08_13.png,abnormal,1,,,,
2015_08_14.png,normal,0,,,,
2015_08_15.png,normal,0,,,,
2015_08_16.png,normal,0,,,,
2015_08_17.png,normal,0,,,,
2015_08_18.png,normal,0,,,,
2015_08_19.png,normal,0,,,,
2015_08_20.png,normal,0,,,,
2015_08_21.png,normal,0,,,,
2015_08_22.png,normal,0,,,,
2015_08_23.png,normal,0,,,,
2015_08_24.png,normal,0,,,,
2015_08_25.png,abnormal,1,,,,
2015_08_26.png,abnormal,1,,,,
2015_08_27.png,abnormal,1,,,,
2015_08_28.png,abnormal,1,,,,
2015_08_29.png,abnormal,1,,,,
2015_08_30.png,abnormal,1,,,,
2015_08_31.png,abnormal,1,,,,
2015_09_01.png,abnormal,1,,,,
2015_09_02.png,abnormal,1,,,,
2015_09_03.png,abnormal,1,,,,
2015_09_04.png,abnormal,1,,,,
2015_09_05.png,abnormal,1,,,,
2015_09_06.png,abnormal,1,,,,
2015_09_07.png,abnormal,1,,,,
2015_09_08.png,abnormal,1,,,,
2015_09_09.png,abnormal,1,,,,
2015_09_10.png,abnormal,1,,,,
2015_09_11.png,abnormal,1,,,,
2015_09_12.png,abnormal,1,,,,
2015_09_13.png,abnormal,1,,,,
2015_09_14.png,abnormal,1,,,,
2015_09_15.png,abnormal,1,,,,
2015_09_16.png,abnormal,1,,,,
2015_09_17.png,abnormal,1,,,,
2015_09_18.png,abnormal,1,,,,
2015_09_19.png,abnormal,1,,,,
2015_09_20.png,abnormal,1,,,,
2015_09_21.png,abnormal,1,,,,
2015_09_22.png,abnormal,1,,,,
2015_09_23.png,abnormal,1,,,,
2015_09_24.png,abnormal,1,,,,
2015_09_25.png,abnormal,1,,,,
2015_09_26.png,abnormal,1,,,,
2015_09_27.png,abnormal,1,,,,
2015_09_28.png,abnormal,1,,,,
2015_09_29.png,abnormal,1,,,,
2015_09_30.png,abnormal,1,,,,
2015_10_01.png,normal,0,,,,
2015_10_02.png,abnormal,1,,,,
2015_10_03.png,normal,0,,,,
2015_10_04.png,abnormal,1,,,,
2015_10_05.png,abnormal,1,,,,
2015_10_06.png,abnormal,1,,,,
2015_10_07.png,abnormal,1,,,,
2015_10_08.png,abnormal,1,,,,
2015_10_09.png,abnormal,1,,,,
2015_10_10.png,abnormal,1,,,,
2015_10_11.png,abnormal,1,,,,
2015_10_12.png,abnormal,1,,,,
2015_10_13.png,abnormal,1,,,,
2015_10_14.png,abnormal,1,,,,
2015_10_15.png,abnormal,1,,,,
2015_10_16.png,abnormal,1,,,,
2015_10_17.png,abnormal,1,,,,
2015_10_18.png,abnormal,1,,,,
2015_10_19.png,abnormal,1,,,,
2015_10_20.png,abnormal,1,,,,
2015_10_21.png,abnormal,1,,,,
2015_10_22.png,abnormal,1,,,,
2015_10_23.png,abnormal,1,,,,
2015_10_24.png,abnormal,1,,,,
2015_10_25.png,abnormal,1,,,,
2015_10_26.png,abnormal,1,,,,
2015_10_27.png,abnormal,1,,,,
2015_10_28.png,abnormal,1,,,,
2015_10_29.png,abnormal,1,,,,
2015_10_30.png,abnormal,1,,,,
2015_10_31.png,abnormal,1,,,,
2015_11_01.png,abnormal,1,,,,
2015_11_02.png,abnormal,1,,,,
2015_11_03.png,abnormal,1,,,,
2015_11_04.png,abnormal,1,,,,
2015_11_05.png,abnormal,1,,,,
2015_11_06.png,abnormal,1,,,,
2015_11_07.png,abnormal,1,,,,
2015_11_08.png,abnormal,1,,,,
2015_11_09.png,abnormal,1,,,,
2015_11_10.png,abnormal,1,,,,
2015_11_11.png,abnormal,1,,,,
2015_11_12.png,normal,0,,,,
2015_11_13.png,abnormal,1,,,,
2015_11_14.png,abnormal,1,,,,
2015_11_15.png,abnormal,1,,,,
2015_11_16.png,normal,0,,,,
2015_11_17.png,abnormal,1,,,,
2015_11_18.png,abnormal,1,,,,
2015_11_19.png,abnormal,1,,,,
2015_11_20.png,abnormal,1,,,,
2015_11_21.png,abnormal,1,,,,
2015_11_22.png,abnormal,1,,,,
2015_11_23.png,normal,0,,,,
2015_11_24.png,abnormal,1,,,,
2015_11_25.png,abnormal,1,,,,
2015_11_26.png,abnormal,1,,,,
2015_11_27.png,abnormal,1,,,,
2015_11_28.png,abnormal,1,,,,
2015_11_29.png,abnormal,1,,,,
2015_11_30.png,abnormal,1,,,,
2015_12_01.png,abnormal,1,,,,
2015_12_02.png,abnormal,1,,,,
2015_12_03.png,abnormal,1,,,,
2015_12_04.png,abnormal,1,,,,
2015_12_05.png,abnormal,1,,,,
2015_12_06.png,normal,0,,,,
2015_12_07.png,normal,0,,,,
2015_12_08.png,normal,0,,,,
2015_12_09.png,normal,0,,,,
2015_12_10.png,normal,0,,,,
2015_12_11.png,normal,0,,,,
2015_12_12.png,abnormal,1,,,,
2015_12_13.png,abnormal,1,,,,
2015_12_14.png,normal,0,,,,
2015_12_15.png,normal,0,,,,
2015_12_16.png,abnormal,1,,,,
2015_12_17.png,abnormal,1,,,,
2015_12_18.png,abnormal,1,,,,
2015_12_19.png,abnormal,1,,,,
2015_12_20.png,abnormal,1,,,,
2015_12_21.png,abnormal,1,,,,
2015_12_22.png,abnormal,1,,,,
2015_12_23.png,normal,0,,,,
2015_12_24.png,abnormal,1,,,,
2015_12_25.png,abnormal,1,,,,
2015_12_26.png,abnormal,1,,,,
2015_12_27.png,abnormal,1,,,,
2015_12_28.png,abnormal,1,,,,
2015_12_29.png,abnormal,1,,,,
2015_12_30.png,abnormal,1,,,,
2015_12_31.png,abnormal,1,,,,
2016_01_01.png,abnormal,1,,,,
2016_01_02.png,abnormal,1,,,,
2016_01_03.png,abnormal,1,,,,
2016_01_04.png,abnormal,1,,,,
2016_01_05.png,abnormal,1,,,,
2016_01_06.png,abnormal,1,,,,
2016_01_07.png,abnormal,1,,,,
2016_01_08.png,abnormal,1,,,,
2016_01_09.png,abnormal,1,,,,
2016_01_10.png,abnormal,1,,,,
2016_01_11.png,abnormal,1,,,,
2016_01_12.png,abnormal,1,,,,
2016_01_13.png,abnormal,1,,,,
2016_01_14.png,abnormal,1,,,,
2016_01_15.png,abnormal,1,,,,
2016_01_16.png,abnormal,1,,,,
2016_01_17.png,abnormal,1,,,,
2016_01_18.png,abnormal,1,,,,
2016_01_19.png,abnormal,1,,,,
2016_01_20.png,abnormal,1,,,,
2016_01_21.png,abnormal,1,,,,
2016_01_22.png,abnormal,1,,,,
2016_01_23.png,normal,0,,,,
2016_01_24.png,normal,0,,,,
2016_01_25.png,normal,0,,,,
2016_01_26.png,normal,0,,,,
2016_01_27.png,normal,0,,,,
2016_01_28.png,normal,0,,,,
2016_01_29.png,abnormal,1,,,,
2016_01_30.png,abnormal,1,,,,
2016_01_31.png,normal,0,,,,
2016_02_01.png,abnormal,1,,,,
2016_02_02.png,abnormal,1,,,,
2016_02_03.png,abnormal,1,,,,
2016_02_04.png,abnormal,1,,,,
2016_02_05.png,abnormal,1,,,,
2016_02_06.png,abnormal,1,,,,
2016_02_07.png,abnormal,1,,,,
2016_02_08.png,abnormal,1,,,,
2016_02_09.png,normal,0,,,,
2016_02_10.png,abnormal,1,,,,
2016_02_11.png,abnormal,1,,,,
2016_02_12.png,abnormal,1,,,,
2016_02_13.png,abnormal,1,,,,
2016_02_14.png,abnormal,1,,,,
2016_02_15.png,abnormal,1,,,,
2016_02_16.png,abnormal,1,,,,
2016_02_17.png,abnormal,1,,,,
2016_02_18.png,abnormal,1,,,,
2016_02_19.png,abnormal,1,,,,
2016_02_20.png,abnormal,1,,,,
2016_02_21.png,normal,0,,,,
2016_02_22.png,normal,0,,,,
2016_02_23.png,normal,0,,,,
2016_02_24.png,abnormal,1,,,,
2016_02_25.png,abnormal,1,,,,
2016_02_26.png,abnormal,1,,,,
2016_02_27.png,abnormal,1,,,,
2016_02_28.png,abnormal,1,,,,
2016_02_29.png,abnormal,1,,,,
2016_03_01.png,abnormal,1,,,,
2016_03_02.png,normal,0,,,,
2016_03_03.png,normal,0,,,,
2016_03_04.png,normal,0,,,,
2016_03_05.png,normal,0,,,,
2016_03_06.png,normal,0,,,,
2016_03_07.png,abnormal,1,,,,
2016_03_08.png,abnormal,1,,,,
2016_03_09.png,abnormal,1,,,,
2016_03_10.png,abnormal,1,,,,
2016_03_11.png,abnormal,1,,,,
2016_03_12.png,normal,0,,,,
2016_03_13.png,abnormal,1,,,,
2016_03_14.png,normal,0,,,,
2016_03_15.png,abnormal,1,,,,
2016_03_16.png,abnormal,1,,,,
2016_03_17.png,abnormal,1,,,,
2016_03_18.png,abnormal,1,,,,
2016_03_19.png,abnormal,1,,,,
2016_03_20.png,normal,0,,,,
2016_03_21.png,normal,0,,,,
2016_03_22.png,abnormal,1,,,,
2016_03_23.png,abnormal,1,,,,
2016_03_24.png,abnormal,1,,,,
2016_03_25.png,abnormal,1,,,,
2016_03_26.png,abnormal,1,,,,
2016_03_27.png,abnormal,1,,,,
2016_03_28.png,abnormal,1,,,,
2016_03_29.png,abnormal,1,,,,
2016_03_30.png,abnormal,1,,,,
2016_03_31.png,abnormal,1,,,,
2016_04_01.png,abnormal,1,,,,
2016_04_02.png,abnormal,1,,,,
2016_04_03.png,abnormal,1,,,,
2016_04_04.png,abnormal,1,,,,
2016_04_05.png,abnormal,1,,,,
2016_04_06.png,abnormal,1,,,,
2016_04_07.png,abnormal,1,,,,
2016_04_08.png,abnormal,1,,,,
2016_04_09.png,abnormal,1,,,,
2016_04_10.png,abnormal,1,,,,
2016_04_11.png,abnormal,1,,,,
2016_04_12.png,abnormal,1,,,,
2016_04_13.png,abnormal,1,,,,
2016_04_14.png,abnormal,1,,,,
2016_04_15.png,abnormal,1,,,,
2016_04_16.png,abnormal,1,,,,
2016_04_17.png,abnormal,1,,,,
2016_04_18.png,abnormal,1,,,,
2016_04_19.png,abnormal,1,,,,
2016_04_20.png,abnormal,1,,,,
2016_04_21.png,abnormal,1,,,,
2016_04_22.png,abnormal,1,,,,
2016_04_23.png,abnormal,1,,,,
2016_04_24.png,abnormal,1,,,,
2016_04_25.png,abnormal,1,,,,
2016_04_26.png,abnormal,1,,,,
2016_04_27.png,abnormal,1,,,,
2016_04_28.png,abnormal,1,,,,
2016_04_29.png,abnormal,1,,,,
2016_04_30.png,abnormal,1,,,,
2016_05_01.png,abnormal,1,,,,
2016_05_02.png,abnormal,1,,,,
2016_05_03.png,abnormal,1,,,,
2016_05_04.png,abnormal,1,,,,
2016_05_05.png,abnormal,1,,,,
2016_05_06.png,abnormal,1,,,,
2016_05_07.png,abnormal,1,,,,
2016_05_08.png,abnormal,1,,,,
2016_05_09.png,abnormal,1,,,,
2016_05_10.png,abnormal,1,,,,
2016_05_11.png,abnormal,1,,,,
2016_05_12.png,abnormal,1,,,,
2016_05_13.png,abnormal,1,,,,
2016_05_14.png,abnormal,1,,,,
2016_05_15.png,abnormal,1,,,,
2016_05_16.png,abnormal,1,,,,
2016_05_17.png,abnormal,1,,,,
2016_05_18.png,abnormal,1,,,,
2016_05_19.png,abnormal,1,,,,
2016_05_20.png,abnormal,1,,,,
2016_05_21.png,abnormal,1,,,,
2016_05_22.png,abnormal,1,,,,
2016_05_23.png,abnormal,1,,,,
2016_05_24.png,abnormal,1,,,,
2016_05_25.png,abnormal,1,,,,
2016_05_26.png,abnormal,1,,,,
2016_05_27.png,abnormal,1,,,,
2016_05_28.png,abnormal,1,,,,
2016_05_29.png,abnormal,1,,,,
2016_05_30.png,abnormal,1,,,,
2016_05_31.png,abnormal,1,,,,
2016_06_01.png,abnormal,1,,,,
2016_06_02.png,abnormal,1,,,,
2016_06_03.png,abnormal,1,,,,
2016_06_04.png,abnormal,1,,,,
2016_06_05.png,normal,0,,,,
2016_06_06.png,normal,0,,,,
2016_06_07.png,abnormal,1,,,,
2016_06_08.png,abnormal,1,,,,
2016_06_09.png,abnormal,1,,,,
2016_06_10.png,abnormal,1,,,,
2016_06_11.png,abnormal,1,,,,
2016_06_12.png,abnormal,1,,,,
2016_06_13.png,abnormal,1,,,,
2016_06_14.png,abnormal,1,,,,
2016_06_15.png,abnormal,1,,,,
2016_06_16.png,abnormal,1,,,,
2016_06_17.png,abnormal,1,,,,
2016_06_18.png,abnormal,1,,,,
2016_06_19.png,abnormal,1,,,,
2016_06_20.png,abnormal,1,,,,
2016_06_21.png,abnormal,1,,,,
2016_06_22.png,abnormal,1,,,,
2016_06_23.png,abnormal,1,,,,
2016_06_24.png,abnormal,1,,,,
2016_06_25.png,abnormal,1,,,,
2016_06_26.png,abnormal,1,,,,
2016_06_27.png,abnormal,1,,,,
2016_06_28.png,normal,0,,,,
2016_06_29.png,abnormal,1,,,,
2016_06_30.png,normal,0,,,,
2016_07_01.png,abnormal,1,,,,
2016_07_02.png,abnormal,1,,,,
2016_07_03.png,abnormal,1,,,,
2016_07_04.png,abnormal,1,,,,
2016_07_05.png,abnormal,1,,,,
2016_07_06.png,normal,0,,,,
2016_07_07.png,abnormal,1,,,,
2016_07_08.png,abnormal,1,,,,
2016_07_09.png,abnormal,1,,,,
2016_07_10.png,abnormal,1,,,,
2016_07_11.png,abnormal,1,,,,
2016_07_12.png,abnormal,1,,,,
2016_07_13.png,abnormal,1,,,,
2016_07_14.png,abnormal,1,,,,
2016_07_15.png,abnormal,1,,,,
2016_07_16.png,abnormal,1,,,,
2016_07_17.png,abnormal,1,,,,
2016_07_18.png,abnormal,1,,,,
2016_07_19.png,abnormal,1,,,,
2016_07_20.png,abnormal,1,,,,
2016_07_21.png,abnormal,1,,,,
2016_07_22.png,normal,0,,,,
2016_07_23.png,abnormal,1,,,,
2016_07_24.png,abnormal,1,,,,
2016_07_25.png,abnormal,1,,,,
2016_07_26.png,abnormal,1,,,,
2016_07_27.png,abnormal,1,,,,
2016_07_28.png,abnormal,1,,,,
2016_07_29.png,abnormal,1,,,,
2016_07_30.png,abnormal,1,,,,
2016_07_31.png,abnormal,1,,,,
2016_08_01.png,abnormal,1,,,,
2016_08_02.png,abnormal,1,,,,
2016_08_03.png,abnormal,1,,,,
2016_08_04.png,abnormal,1,,,,
2016_08_05.png,abnormal,1,,,,
2016_08_06.png,abnormal,1,,,,
2016_08_07.png,abnormal,1,,,,
2016_08_08.png,abnormal,1,,,,
2016_08_09.png,abnormal,1,,,,
2016_08_10.png,abnormal,1,,,,
2016_08_11.png,abnormal,1,,,,
2016_08_12.png,abnormal,1,,,,
2016_08_13.png,abnormal,1,,,,
2016_08_14.png,abnormal,1,,,,
2016_08_15.png,abnormal,1,,,,
2016_08_16.png,abnormal,1,,,,
2016_08_17.png,abnormal,1,,,,
2016_08_18.png,abnormal,1,,,,
2016_08_19.png,abnormal,1,,,,
2016_08_20.png,abnormal,1,,,,
2016_08_21.png,abnormal,1,,,,
2016_08_22.png,abnormal,1,,,,
2016_08_23.png,abnormal,1,,,,
2016_08_24.png,abnormal,1,,,,
2016_08_25.png,abnormal,1,,,,
2016_08_26.png,abnormal,1,,,,
2016_08_27.png,abnormal,1,,,,
2016_08_28.png,abnormal,1,,,,
2016_08_29.png,abnormal,1,,,,
2016_08_30.png,abnormal,1,,,,
2016_08_31.png,abnormal,1,,,,
2016_09_01.png,abnormal,1,,,,
2016_09_02.png,abnormal,1,,,,
2016_09_03.png,abnormal,1,,,,
2016_09_04.png,abnormal,1,,,,
2016_09_05.png,abnormal,1,,,,
2016_09_06.png,abnormal,1,,,,
2016_09_07.png,abnormal,1,,,,
2016_09_08.png,abnormal,1,,,,
2016_09_09.png,abnormal,1,,,,
2016_09_10.png,abnormal,1,,,,
2016_09_11.png,abnormal,1,,,,
2016_09_12.png,abnormal,1,,,,
2016_09_13.png,abnormal,1,,,,
2016_09_14.png,abnormal,1,,,,
2016_09_15.png,abnormal,1,,,,
2016_09_16.png,abnormal,1,,,,
2016_09_17.png,abnormal,1,,,,
2016_09_18.png,abnormal,1,,,,
2016_09_19.png,abnormal,1,,,,
2016_09_20.png,abnormal,1,,,,
2016_09_21.png,abnormal,1,,,,
2016_09_22.png,abnormal,1,,,,
2016_09_23.png,abnormal,1,,,,
2016_09_24.png,normal,0,,,,
2016_09_25.png,normal,0,,,,
2016_09_26.png,normal,0,,,,
2016_09_27.png,normal,0,,,,
2016_09_28.png,normal,0,,,,
2016_09_29.png,normal,0,,,,
2016_09_30.png,abnormal,1,,,,
2016_10_01.png,abnormal,1,,,,
2016_10_02.png,abnormal,1,,,,
2016_10_03.png,abnormal,1,,,,
2016_10_04.png,abnormal,1,,,,
2016_10_05.png,abnormal,1,,,,
2016_10_06.png,abnormal,1,,,,
2016_10_07.png,abnormal,1,,,,
2016_10_08.png,abnormal,1,,,,
2016_10_09.png,abnormal,1,,,,
2016_10_10.png,abnormal,1,,,,
2016_10_11.png,abnormal,1,,,,
2016_10_12.png,abnormal,1,,,,
2016_10_13.png,abnormal,1,,,,
2016_10_14.png,abnormal,1,,,,
2016_10_15.png,abnormal,1,,,,
2016_10_16.png,abnormal,1,,,,
2016_10_17.png,abnormal,1,,,,
2016_10_18.png,abnormal,1,,,,
2016_10_19.png,normal,0,,,,
2016_10_20.png,normal,0,,,,
2016_10_21.png,normal,0,,,,
2016_10_22.png,abnormal,1,,,,
2016_10_23.png,abnormal,1,,,,
2016_10_24.png,abnormal,1,,,,
2016_10_25.png,abnormal,1,,,,
2016_10_26.png,abnormal,1,,,,
2016_10_27.png,abnormal,1,,,,
2016_10_28.png,abnormal,1,,,,
2016_10_29.png,abnormal,1,,,,
2016_10_30.png,normal,0,,,,
2016_10_31.png,normal,0,,,,
2016_11_01.png,normal,0,,,,
2016_11_02.png,normal,0,,,,
2016_11_03.png,normal,0,,,,
2016_11_04.png,normal,0,,,,
2016_11_05.png,normal,0,,,,
2016_11_06.png,normal,0,,,,
2016_11_07.png,abnormal,1,,,,
2016_11_08.png,abnormal,1,,,,
2016_11_09.png,abnormal,1,,,,
2016_11_10.png,abnormal,1,,,,
2016_11_11.png,abnormal,1,,,,
2016_11_12.png,normal,0,,,,
2016_11_13.png,normal,0,,,,
2016_11_14.png,normal,0,,,,